English	Dutch	PAGE	Commons	Sources	Remarks	Doculect	Forms	Glottocode	Glottolog_name	ID	tokenized	transliterated	transliterated_unsegmented	ipa	Concepticon_ID	Concepticon_Gloss
head	hoofd	484		oudemans1879		Enggano	é oeloe	engg1245	Enggano	1	é _ oe l oe	e _ u l u	e_ulu	e _ u l u	1256	HEAD
head	hoofd	484		oudemans1879		Mentawai	oté	ment1249	Mentawai	2	o t é	O t e	Ote	ɔ t e	1256	HEAD
head	hoofd	484		oudemans1879		Nias	heugen	nias1242	Nias	3	h eu g e n	h e:u g e n	he:ugen	h ɛu g e n	1256	HEAD
ear	oor	484		oudemans1879		Enggano	kaliha	engg1245	Enggano	4	k a l i h a	k a l i x a	kalixa	k a l i ç a	1247	EAR
ear	oor	484		oudemans1879		Mentawai	talinga	ment1249	Mentawai	5	t a l i ng a	t a l i ng a	talinga	t a l i ŋ a	1247	EAR
ear	oor	484		oudemans1879		Nias	talinga	nias1242	Nias	6	t a l i ng a	t a l i ng a	talinga	t a l i ŋ a	1247	EAR
nose	neus	484		oudemans1879		Enggano	éfano	engg1245	Enggano	7	é f a n o	e f a n O	efanO	e f a n ɔ	1221	NOSE
nose	neus	484		oudemans1879		Mentawai	asak	ment1249	Mentawai	8	a s a k	a s a k	asak	a s a k	1221	NOSE
nose	neus	484		oudemans1879		Nias	idong	nias1242	Nias	9	i d o ng	i d O ng	idOng	i d ɔ ŋ	1221	NOSE
mouth	mond	484		oudemans1879		Enggano	ékā	engg1245	Enggano	10	é k ā	e k a a	ekaa	e k aː	674	MOUTH
mouth	mond	484		oudemans1879		Mentawai	bibo	ment1249	Mentawai	11	b i b o	b i b O	bibO	b i b ɔ	674	MOUTH
mouth	mond	484		oudemans1879		Nias	baba	nias1242	Nias	12	b a b a	b a b a	baba	b a b a	674	MOUTH
eye	oog	484		oudemans1879		Enggano	ébāka	engg1245	Enggano	13	é b ā k a	e b a a k a	ebaaka	e b aː k a	1248	EYE
eye	oog	484		oudemans1879		Mentawai	mata	ment1249	Mentawai	14	m a t a	m a t a	mata	m a t a	1248	EYE
eye	oog	484		oudemans1879		Nias	mata	nias1242	Nias	15	m a t a	m a t a	mata	m a t a	1248	EYE
chin	kin	484		oudemans1879		Enggano	ékie	engg1245	Enggano	16	é k ie	e k i	eki	e k i	1510	CHIN
chin	kin	484		oudemans1879		Mentawai	bakĕla	ment1249	Mentawai	17	b a k ĕ l a	b a k e l a	bakela	b a k e l a	1510	CHIN
chin	kin	484		oudemans1879		Nias	bèmbè	nias1242	Nias	18	b è mb è	b E mb E	bEmbE	b ɛ ʙ ɛ	1510	CHIN
head hair	hoofdhaar	484		oudemans1879		Enggano	foedoedoe-oeloe	engg1245	Enggano	19	f oe d oe d oe - oe l oe	f u d u d u ' u l u	fududu'ulu	f u d u d u ʔ u l u	2648	HAIR (HEAD)
head hair	hoofdhaar	484		oudemans1879		Mentawai	alai	ment1249	Mentawai	20	a l ai	a l a:i	ala:i	a l ai	2648	HAIR (HEAD)
head hair	hoofdhaar	484		oudemans1879		Nias	boe-oe	nias1242	Nias	21	b oe - oe	b u ' u	bu'u	b u ʔ u	2648	HAIR (HEAD)
beard	baard	484		oudemans1879		Enggano	fororoife	engg1245	Enggano	22	f o r o r oi f e	f O r O r o:i f e	fOrOro:ife	f ɔ r ɔ r ɔi f e	678	BEARD
beard	baard	484		oudemans1879		Mentawai	boeloe	ment1249	Mentawai	23	b oe l oe	b u l u	bulu	b u l u	678	BEARD
beard	baard	484		oudemans1879		Nias	gambi	nias1242	Nias	24	g a mb i	g a mb i	gambi	g a ʙ i	678	BEARD
neck	hals	484		oudemans1879		Enggano	hoenoe	engg1245	Enggano	25	h oe n oe	h u n u	hunu	h u n u	1333	NECK
neck	hals	484		oudemans1879		Mentawai	lolokat	ment1249	Mentawai	26	l o l o k a t	l O l O k a t	lOlOkat	l ɔ l ɔ k a t	1333	NECK
neck	hals	484		oudemans1879		Nias	bâgi	nias1242	Nias	27	b â g i	b a g i	bagi	b a g i	1333	NECK
breast	borst	484		oudemans1879		Enggano	émāha	engg1245	Enggano	28	é m ā h a	e m a a h a	emaaha	e m aː h a	1402	BREAST
breast	borst	484		oudemans1879		Mentawai	karoekat	ment1249	Mentawai	29	k a r oe k a t	k a r u k a t	karukat	k a r u k a t	1402	BREAST
breast	borst	484		oudemans1879		Nias	baloedjoeso	nias1242	Nias	30	b a l oe dj oe s o	b a l u j u s O	balujusO	b a l u d͡ʒ u s ɔ	1402	BREAST
belly	buik	484		oudemans1879		Enggano	kiedāi	engg1245	Enggano	31	k ie d ā i	k i d a a i	kidaai	k i d aː i	1251	BELLY
belly	buik	484		oudemans1879		Mentawai	bācha	ment1249	Mentawai	32	b ā c h a	b a a k h a	baakha	b aː k h a	1251	BELLY
belly	buik	484		oudemans1879		Nias	daloe	nias1242	Nias	33	d a l oe	d a l u	dalu	d a l u	1251	BELLY
arm	arm	484		oudemans1879		Enggano	é afo	engg1245	Enggano	34	é _ a f o	e _ a f O	e_afO	e _ a f ɔ	1673	ARM
arm	arm	484		oudemans1879		Mentawai	para	ment1249	Mentawai	35	p a r a	p a r a	para	p a r a	1673	ARM
arm	arm	484		oudemans1879		Nias	païo	nias1242	Nias	36	p a ï o	p a ' i O	pa'iO	p a ʔ i ɔ	1673	ARM
hand	hand	484		oudemans1879		Enggano	mieno afo	engg1245	Enggano	37	m ie n o _ a f o	m i n O _ a f O	minO_afO	m i n ɔ _ a f ɔ	1277	HAND
right hand	hand rechter	484		oudemans1879		Enggano	mieno afo	engg1245	Enggano	38	m ie n o _ a f o	m i n O _ a f O	minO_afO	m i n ɔ _ a f ɔ	2183	RIGHT HAND
right hand	hand rechter	484		oudemans1879		Mentawai	takip kétjo	ment1249	Mentawai	39	t a k i p _ k é tj o	t a k i p _ k e c O	takip_kecO	t a k i p _ k e t͡ʃ ɔ	2183	RIGHT HAND
right hand	hand rechter	484		oudemans1879		Nias	tangan gambolo	nias1242	Nias	40	t a ng a n _ g a mb o l o	t a ng a n _ g a mb O l O	tangan_gambOlO	t a ŋ a n _ g a ʙ ɔ l ɔ	2183	RIGHT HAND
left hand	hand linker	484		oudemans1879		Enggano	mieno afo	engg1245	Enggano	41	m ie n o _ a f o	m i n O _ a f O	minO_afO	m i n ɔ _ a f ɔ	2182	LEFT HAND
left hand	hand linker	484		oudemans1879		Mentawai	takip toëk	ment1249	Mentawai	42	t a k i p _ t o ë k	t a k i p _ t O ë k	takip_tOëk	t a k i p _ t ɔ k	2182	LEFT HAND
left hand	hand linker	484		oudemans1879		Nias	tangan gambéra	nias1242	Nias	43	t a ng a n _ g a mb é r a	t a ng a n _ g a mb e r a	tangan_gambera	t a ŋ a n _ g a ʙ e r a	2182	LEFT HAND
finger	vinger	484		oudemans1879		Enggano	mieno	engg1245	Enggano	44	m ie n o	m i n O	minO	m i n ɔ	1303	FINGER
finger	vinger	484		oudemans1879		Mentawai	siñgoñgai	ment1249	Mentawai	45	s i ñg o ñg ai	s i ñg O ñg a:i	siñgOñga:i	s i ŋ ɔ ŋ ai	1303	FINGER
finger	vinger	484		oudemans1879		Nias	toeroe	nias1242	Nias	46	t oe r oe	t u r u	turu	t u r u	1303	FINGER
nail	nagel	484		oudemans1879		Enggano	ekaso-afo	engg1245	Enggano	47	e k a s o - a f o	e k a x O ' a f O	ekaxO'afO	e k a ç ɔ ʔ a f ɔ	1896	FINGERNAIL OR TOENAIL
nail	nagel	484		oudemans1879		Mentawai	soelet	ment1249	Mentawai	48	s oe l e t	s u l e t	sulet	s u l e t	1896	FINGERNAIL OR TOENAIL
nail	nagel	484		oudemans1879		Nias	tèsâa	nias1242	Nias	49	t è s â a	t E s a a	tEsaa	t ɛ s a a	1896	FINGERNAIL OR TOENAIL
thumb	duim	484		oudemans1879		Enggano	nai-afo	engg1245	Enggano	50	n ai - a f o	n a:i ' a f O	na:i'afO	n ai ʔ a f ɔ	1781	THUMB
thumb	duim	484		oudemans1879		Mentawai	sikeboe	ment1249	Mentawai	51	s i k e b oe	s i k e b u	sikebu	s i k e b u	1781	THUMB
thumb	duim	484		oudemans1879		Nias	toeroe siâ	nias1242	Nias	52	t oe r oe _ s i â	t u r u _ s i a	turu_sia	t u r u _ s i a	1781	THUMB
index finger	wijsvinger	484		oudemans1879		Enggano	ejara-afo	engg1245	Enggano	53	e j a r a - a f o	e y a r a ' a f O	eyara'afO	e j a r a ʔ a f ɔ	577	FOREFINGER
index finger	wijsvinger	484		oudemans1879		Mentawai	benang seoe	ment1249	Mentawai	54	b e n a ng _ s e oe	b e n a ng _ s e u	benang_seu	b e n a ŋ _ s e u	577	FOREFINGER
middle finger	midd. vinger	484		oudemans1879		Enggano	éoe-afo	engg1245	Enggano	55	é oe - a f o	e u ' a f O	eu'afO	e u ʔ a f ɔ	3387	MIDDLE FINGER
middle finger	midd. vinger	484		oudemans1879		Mentawai	katenga	ment1249	Mentawai	56	k a t e ng a	k a t e ng a	katenga	k a t e ŋ a	3387	MIDDLE FINGER
middle finger	midd. vinger	484		oudemans1879		Nias	toeroe wadâloe	nias1242	Nias	57	t oe r oe _ w a d â l oe	t u r u _ w a d a l u	turu_wadalu	t u r u _ w a d a l u	3387	MIDDLE FINGER
ring finger	ring vinger	484		oudemans1879		Enggano	kiefa éjoe éjoe	engg1245	Enggano	58	k ie f a _ é j oe _ é j oe	k i f a _ e y u _ e y u	kifa_eyu_eyu	k i f a _ e j u _ e j u	1303	FINGER
ring finger	ring vinger	484		oudemans1879		Mentawai	bagit katenga	ment1249	Mentawai	59	b a g i t _ k a t e ng a	b a g i t _ k a t e ng a	bagit_katenga	b a g i t _ k a t e ŋ a	1303	FINGER
ring finger	ring vinger	484		oudemans1879		Nias	toeroe taloe	nias1242	Nias	60	t oe r oe _ t a l oe	t u r u _ t a l u	turu_talu	t u r u _ t a l u	1303	FINGER
little finger	pink	484		oudemans1879		Enggano	miieo-afo noekie	engg1245	Enggano	61	m iie o - a f o _ n oe k ie	m i O ' a f O _ n u k i	miO'afO_nuki	m i ɔ ʔ a f ɔ _ n u k i	2774	LITTLE FINGER
little finger	pink	484		oudemans1879		Mentawai	tôtjingongai	ment1249	Mentawai	62	t ô tj i ng o ng ai	t o c i ng O ng a:i	tocingOnga:i	t o t͡ʃ i ŋ ɔ ŋ ai	2774	LITTLE FINGER
little finger	pink	484		oudemans1879		Nias	toeroe sideïdei	nias1242	Nias	63	t oe r oe _ s i d e ï d ei	t u r u _ s i d e ' i d e:i	turu_side'ide:i	t u r u _ s i d e ʔ i d ɛi	2774	LITTLE FINGER
thigh	dij	484		oudemans1879		Enggano	épara	engg1245	Enggano	64	é p a r a	e p a r a	epara	e p a r a	471	UPPER LEG (THIGH)
thigh	dij	484		oudemans1879		Mentawai	pekâpat	ment1249	Mentawai	65	p e k â p a t	p e k a p a t	pekapat	p e k a p a t	471	UPPER LEG (THIGH)
thigh	dij	484		oudemans1879		Nias	gai	nias1242	Nias	66	g ai	g a:i	ga:i	g ai	471	UPPER LEG (THIGH)
knee	knie	484		oudemans1879		Enggano	éfoe	engg1245	Enggano	67	é f oe	e f u	efu	e f u	1371	KNEE
knee	knie	484		oudemans1879		Mentawai	bôkelô	ment1249	Mentawai	68	b ô k e l ô	b o k e l o	bokelo	b o k e l o	1371	KNEE
knee	knie	484		oudemans1879		Nias	baloedoeho	nias1242	Nias	69	b a l oe d oe h o	b a l u d u h O	baluduhO	b a l u d u h ɔ	1371	KNEE
woman’s breast	vrouwenborst	485		oudemans1879		Enggano	é koko	engg1245	Enggano	70	é _ k o k o	e _ k O k O	e_kOkO	e _ k ɔ k ɔ	1402	BREAST
woman’s breast	vrouwenborst	485		oudemans1879		Mentawai	tôtôt	ment1249	Mentawai	71	t ô t ô t	t o t o t	totot	t o t o t	1402	BREAST
woman’s breast	vrouwenborst	485		oudemans1879		Nias	doesoe	nias1242	Nias	72	d oe s oe	d u s u	dusu	d u s u	1402	BREAST
body	lichaam	485		oudemans1879		Enggano	karaha	engg1245	Enggano	73	k a r a h a	k a r a h a	karaha	k a r a h a	1480	BODY
body	lichaam	485		oudemans1879		Mentawai	toeboe	ment1249	Mentawai	74	t oe b oe	t u b u	tubu	t u b u	1480	BODY
body	lichaam	485		oudemans1879		Nias	bôtô	nias1242	Nias	75	b ô t ô	b o t o	boto	b o t o	1480	BODY
person	mensch	485		oudemans1879		Enggano	etakka	engg1245	Enggano	76	e t a k k a	e t a k k a	etakka	e t a k k a	683	PERSON
person	mensch	485		oudemans1879		Mentawai	sekalelègat	ment1249	Mentawai	77	s e k a l e l è g a t	s e k a l e l E g a t	sekalelEgat	s e k a l e l ɛ g a t	683	PERSON
person	mensch	485		oudemans1879		Nias	nîha	nias1242	Nias	78	n î h a	n i h a	niha	n i h a	683	PERSON
man	man	485		oudemans1879		Enggano	émané	engg1245	Enggano	79	é m a n é	e m a n e	emane	e m a n e	1554	MAN
man	man	485		oudemans1879		Nias	nîha simatoea	nias1242	Nias	80	n î h a _ s i m a t oe a	n i h a _ s i m a t u a	niha_simatua	n i h a _ s i m a t u a	1554	MAN
woman	vrouw	485		oudemans1879		Enggano	éhoda	engg1245	Enggano	81	é h o d a	e h O d a	ehOda	e h ɔ d a	962	WOMAN
woman	vrouw	485		oudemans1879		Mentawai	nenalep	ment1249	Mentawai	82	n e n a l e p	n e n a l e p	nenalep	n e n a l e p	962	WOMAN
woman	vrouw	485		oudemans1879		Nias	nîha sihalāwé	nias1242	Nias	83	n î h a _ s i h a l ā w é	n i h a _ s i x a l a a w e	niha_sixalaawe	n i h a _ s i ç a l aː w e	962	WOMAN
child	kind	485		oudemans1879		Enggano	famoa	engg1245	Enggano	84	f a m o a	f a m O a	famOa	f a m ɔ a	2099	CHILD
child	kind	485		oudemans1879		Mentawai	tôga	ment1249	Mentawai	85	t ô g a	t o g a	toga	t o g a	2099	CHILD
child	kind	485		oudemans1879		Nias	iraônô	nias1242	Nias	86	i r a ô n ô	i r a o n o	iraono	i r a o n o	2099	CHILD
virgin	maagd	485		oudemans1879		Enggano	efainama	engg1245	Enggano	87	e f ai n a m a	e f a:i n a m a	efa:inama	e f ai n a m a	2298	VIRGIN
virgin	maagd	485		oudemans1879		Mentawai	sjôkô	ment1249	Mentawai	88	s j ô k ô	s y o k o	syoko	s j o k o	2298	VIRGIN
virgin	maagd	485		oudemans1879		Nias	ira labè	nias1242	Nias	89	i r a _ l a b è	i r a _ l a b E	ira_labE	i r a _ l a b ɛ	2298	VIRGIN
old person (m.)	oud mensch	485		oudemans1879		Enggano	ekafoe	engg1245	Enggano	90	e k a f oe	e k a f u	ekafu	e k a f u	725	OLD PERSON
old person (m.)	oud mensch	485		oudemans1879		Mentawai	bâdja	ment1249	Mentawai	91	b â dj a	b a j a	baja	b a d͡ʒ a	725	OLD PERSON
old person (m.)	oud mensch	485		oudemans1879		Nias	niha satoewa	nias1242	Nias	92	n i h a _ s a t oe w a	n i x a _ s a t u w a	nixa_satuwa	n i ç a _ s a t u w a	725	OLD PERSON
old person (f.)	oud mensch	485		oudemans1879		Enggano	kaniejahé	engg1245	Enggano	93	k a n ie j a h é	k a n i y a h e	kaniyahe	k a n i j a h e	725	OLD PERSON
old person (f.)	oud mensch	485		oudemans1879		Mentawai	bâdja	ment1249	Mentawai	94	b â dj a	b a j a	baja	b a d͡ʒ a	725	OLD PERSON
old person (f.)	oud mensch	485		oudemans1879		Nias	niha satoewa	nias1242	Nias	95	n i h a _ s a t oe w a	n i x a _ s a t u w a	nixa_satuwa	n i ç a _ s a t u w a	725	OLD PERSON
young person	jong mensch	485		oudemans1879		Enggano	fananamie	engg1245	Enggano	96	f a n a n a m ie	f a n a n a m i	fananami	f a n a n a m i	1207	YOUNG
young person	jong mensch	485		oudemans1879		Mentawai	soelè	ment1249	Mentawai	97	s oe l è	s u l E	sulE	s u l ɛ	1207	YOUNG
young person	jong mensch	485		oudemans1879		Nias	niha sakaboejoe	nias1242	Nias	98	n i h a _ s a k a b oe j oe	n i x a _ s a k a b u y u	nixa_sakabuyu	n i ç a _ s a k a b u j u	1207	YOUNG
father	vader	485		oudemans1879		Enggano	amama	engg1245	Enggano	99	a m a m a	a m a m a	amama	a m a m a	1217	FATHER
father	vader	485		oudemans1879		Mentawai	oekoei	ment1249	Mentawai	100	oe k o ei	u k O e:i	ukOe:i	u k ɔ ɛi	1217	FATHER
father	vader	485		oudemans1879		Nias	ama	nias1242	Nias	101	a m a	a m a	ama	a m a	1217	FATHER
mother	moeder	485		oudemans1879		Enggano	naina	engg1245	Enggano	102	n ai n a	n a:i n a	na:ina	n ai n a	1216	MOTHER
mother	moeder	485		oudemans1879		Mentawai	manda ina	ment1249	Mentawai	103	m a n d a _ i n a	m a n d a _ i n a	manda_ina	m a n d a _ i n a	1216	MOTHER
mother	moeder	485		oudemans1879		Nias	ina	nias1242	Nias	104	i n a	i n a	ina	i n a	1216	MOTHER
son	zoon	485		oudemans1879		Enggano	éjara émane	engg1245	Enggano	105	é j a r a _ é m a n e	e y a r a _ e m a n e	eyara_emane	e j a r a _ e m a n e	1620	SON
son	zoon	485		oudemans1879		Mentawai	tôga semanteoe	ment1249	Mentawai	106	t ô g a _ s e m a n t e oe	t o g a _ s e m a n t e u	toga_semanteu	t o g a _ s e m a n t e u	1620	SON
son	zoon	485		oudemans1879		Nias	iraeumeu simatoewa	nias1242	Nias	107	i r a eu m eu _ s i m a t oe w a	i r a e:u m e:u _ s i m a t u w a	irae:ume:u_simatuwa	i r a ɛu m ɛu _ s i m a t u w a	1620	SON
daughter	dochter	485		oudemans1879		Enggano	éjara éhoda	engg1245	Enggano	108	é j a r a _ é h o d a	e y a r a _ e h O d a	eyara_ehOda	e j a r a _ e h ɔ d a	1357	DAUGHTER
daughter	dochter	485		oudemans1879		Mentawai	sinanalep	ment1249	Mentawai	109	s i n a n a l e p	s i n a n a l e p	sinanalep	s i n a n a l e p	1357	DAUGHTER
daughter	dochter	485		oudemans1879		Nias	iraeumeu sihalāwè	nias1242	Nias	110	i r a eu m eu _ s i h a l ā w è	i r a e:u m e:u _ s i x a l a a w E	irae:ume:u_sixalaawE	i r a ɛu m ɛu _ s i ç a l aː w ɛ	1357	DAUGHTER
uncle	oom	485		oudemans1879		Enggano	kahoe	engg1245	Enggano	111	k a h oe	k a h u	kahu	k a h u	1327	UNCLE
uncle	oom	485		oudemans1879		Mentawai	pamâman	ment1249	Mentawai	112	p a m â m a n	p a m a m a n	pamaman	p a m a m a n	1327	UNCLE
uncle	oom	485		oudemans1879		Nias	anasiaki	nias1242	Nias	113	a n a s i a k i	a n a s i a k i	anasiaki	a n a s i a k i	1327	UNCLE
cousin (female)	neef (cousin)	485		oudemans1879		Enggano	à-à	engg1245	Enggano	114	à - à	a ' a	a'a	a ʔ a	3823	FEMALE COUSIN
cousin (female)	neef (cousin)	485		oudemans1879		Mentawai	boea	ment1249	Mentawai	115	b oe a	b u a	bua	b u a	3823	FEMALE COUSIN
cousin (female)	neef (cousin)	485		oudemans1879		Nias	talifoeso	nias1242	Nias	116	t a l i f oe s o	t a l i f u s O	talifusO	t a l i f u s ɔ	3823	FEMALE COUSIN
cousin (male)	neef (neven)	485		oudemans1879		Nias	onowinîo	nias1242	Nias	117	o n o w i n î o	O n O w i n i O	OnOwiniO	ɔ n ɔ w i n i ɔ	3822	MALE COUSIN
grandfather	grootvader	485		oudemans1879		Enggano	oefoenai	engg1245	Enggano	118	oe f oe n ai	u f u n a:i	ufuna:i	u f u n ai	1383	GRANDFATHER
grandmother	grootmoeder	485		oudemans1879		Enggano	oefoenai	engg1245	Enggano	119	oe f oe n ai	u f u n a:i	ufuna:i	u f u n ai	1496	GRANDMOTHER
grandson	kleinzoon	485	ko'ofijoe	oudemans1879		Enggano	koöfijoe	engg1245	Enggano	120	k oö f i j oe	k o ' o f i y u	ko'ofiyu	k o ʔ o f i j u	1618	GRANDSON
granddaughter	kleindochter	485	ko'ofijoe	oudemans1879		Enggano	koöfijoe	engg1245	Enggano	121	k oö f i j oe	k o ' o f i y u	ko'ofiyu	k o ʔ o f i j u	1619	GRANDDAUGHTER
loincloth	band om het middel en tusschen de beenen door	485		oudemans1879		Enggano	eafie	engg1245	Enggano	122	e a f ie	e a f i	eafi	e a f i	1965	LOINCLOTH
dog	hond	485		oudemans1879		Enggano	eafiē	engg1245	Enggano	123	e a f i ē	e a f i e e	eafiee	e a f i eː	2009	DOG
dog	hond	485		oudemans1879		Mentawai	djôhdjôh	ment1249	Mentawai	124	dj ô h dj ô h	j o h j o h	johjoh	d͡ʒ o h d͡ʒ o h	2009	DOG
dog	hond	485		oudemans1879		Nias	asoe	nias1242	Nias	125	a s oe	a s u	asu	a s u	2009	DOG
pig	varken	485		oudemans1879		Enggano	kojo	engg1245	Enggano	126	k o j o	k O y O	kOyO	k ɔ j ɔ	1337	PIG
pig	varken	485		oudemans1879		Mentawai	sikôko	ment1249	Mentawai	127	s i k ô k o	s i k o k O	sikokO	s i k o k ɔ	1337	PIG
pig	varken	485		oudemans1879		Nias	babi	nias1242	Nias	128	b a b i	b a b i	babi	b a b i	1337	PIG
deer	hert	485		oudemans1879	(niet aanwezig)	Mentawai	semasoera	ment1249	Mentawai	129	s e m a s oe r a	s e m a s u r a	semasura	s e m a s u r a	1936	DEER
deer	hert	485		oudemans1879	(niet aanwezig)	Nias	beuheu	nias1242	Nias	130	b eu h eu	b e:u h e:u	be:uhe:u	b ɛu h ɛu	1936	DEER
cat	kat	485		oudemans1879		Enggano	ebéo	engg1245	Enggano	131	e b é o	e b e O	ebeO	e b e ɔ	1208	CAT
cat	kat	485		oudemans1879		Mentawai	maoe	ment1249	Mentawai	132	m aoe	m a ' u	ma'u	m a ʔ u	1208	CAT
cat	kat	485		oudemans1879		Nias	maoe	nias1242	Nias	133	m aoe	m a ' u	ma'u	m a ʔ u	1208	CAT
rooster	haan	485		oudemans1879		Enggano	eokeiko émané	engg1245	Enggano	134	e o k ei k o _ é m a n é	e O k e:i k O _ e m a n e	eOke:ikO_emane	e ɔ k ɛi k ɔ _ e m a n e	1511	ROOSTER
rooster	haan	485		oudemans1879		Mentawai	gôgô eilaloek	ment1249	Mentawai	135	g ô g ô _ ei l a l oe k	g o g o _ e:i l a l u k	gogo_e:ilaluk	g o g o _ ɛi l a l u k	1511	ROOSTER
rooster	haan	485		oudemans1879		Nias	manoe tjilatao	nias1242	Nias	136	m a n oe _ tj i l a t a o	m a n u _ c i l a t a O	manu_cilataO	m a n u _ t͡ʃ i l a t a ɔ	1511	ROOSTER
hen	kip	485		oudemans1879		Enggano	eokeiko ehoeda	engg1245	Enggano	137	e o k ei k o _ e h oe d a	e O k e:i k O _ e h u d a	eOke:ikO_ehuda	e ɔ k ɛi k ɔ _ e h u d a	1514	HEN
hen	kip	485		oudemans1879		Mentawai	gôgô semanosa	ment1249	Mentawai	138	g ô g ô _ s e m a n o s a	g o g o _ s e m a n O s a	gogo_semanOsa	g o g o _ s e m a n ɔ s a	1514	HEN
hen	kip	485		oudemans1879		Nias	manoe sipagèlo	nias1242	Nias	139	m a n oe _ s i p a g è l o	m a n u _ s i p a g E l O	manu_sipagElO	m a n u _ s i p a g ɛ l ɔ	1514	HEN
bird	vogel	485		oudemans1879		Enggano	eke-èfe	engg1245	Enggano	140	e k e - è f e	e k e ' E f e	eke'Efe	e k e ʔ ɛ f e	937	BIRD
bird	vogel	485		oudemans1879		Mentawai	oĕwă	ment1249	Mentawai	141	oĕ w ă	u w a	uwa	u w a	937	BIRD
bird	vogel	485		oudemans1879		Nias	pòpò	nias1242	Nias	142	p ò p ò	p O p O	pOpO	p ɔ p ɔ	937	BIRD
horse	paard	485		oudemans1879	(niet aanwezig)	Mentawai	koerô	ment1249	Mentawai	143	k oe r ô	k u r o	kuro	k u r o	615	HORSE
horse	paard	485		oudemans1879	(niet aanwezig)	Nias	goerô	nias1242	Nias	144	g oe r ô	g u r o	guro	g u r o	615	HORSE
cow	koe	485		oudemans1879	(niet aanwezig)	Mentawai	djawi	ment1249	Mentawai	145	dj a w i	j a w i	jawi	d͡ʒ a w i	1007	COW
cow	koe	485		oudemans1879	(niet aanwezig)	Nias	djawi	nias1242	Nias	146	dj a w i	j a w i	jawi	d͡ʒ a w i	1007	COW
fish	visch	485		oudemans1879		Enggano	e ajo	engg1245	Enggano	147	e _ a j o	e _ a y O	e_ayO	e _ a j ɔ	227	FISH
fish	visch	485		oudemans1879		Mentawai	kâ	ment1249	Mentawai	148	k â	k a	ka	k a	227	FISH
fish	visch	485		oudemans1879		Nias	gîa	nias1242	Nias	149	g î a	g i a	gia	g i a	227	FISH
coconut	klappernoot	485		oudemans1879		Enggano	effô	engg1245	Enggano	150	e f f ô	e f f o	effo	e f f o	970	COCONUT
coconut	klappernoot	485		oudemans1879		Mentawai	toitet	ment1249	Mentawai	151	t oi t e t	t o:i t e t	to:itet	t ɔi t e t	970	COCONUT
coconut	klappernoot	485		oudemans1879		Nias	banîo	nias1242	Nias	152	b a n î o	b a n i O	baniO	b a n i ɔ	970	COCONUT
banana	pisang	486		oudemans1879		Enggano	iedjo	engg1245	Enggano	153	ie dj o	i j O	ijO	i d͡ʒ ɔ	868	BANANA
banana	pisang	486		oudemans1879		Mentawai	bagô	ment1249	Mentawai	154	b a g ô	b a g o	bago	b a g o	868	BANANA
banana	pisang	486		oudemans1879		Nias	gâhé	nias1242	Nias	155	g â h é	g a h e	gahe	g a h e	868	BANANA
sago	sago	486		oudemans1879	(niet aanwezig)	Mentawai	sagai	ment1249	Mentawai	156	s a g ai	s a g a:i	saga:i	s a g ai	2270	SAGO
sago	sago	486		oudemans1879	(niet aanwezig)	Nias	sagoe	nias1242	Nias	157	s a g oe	s a g u	sagu	s a g u	2270	SAGO
water	water	486		oudemans1879		Enggano	ebbo	engg1245	Enggano	158	e b b o	e b b O	ebbO	e b b ɔ	948	WATER
water	water	486		oudemans1879		Mentawai	jôja	ment1249	Mentawai	159	j ô j a	y o y a	yoya	j o j a	948	WATER
water	water	486		oudemans1879		Nias	idaneu	nias1242	Nias	160	i d a n eu	i d a n e:u	idane:u	i d a n ɛu	948	WATER
house	huis	486		oudemans1879		Enggano	oeba	engg1245	Enggano	161	oe b a	u b a	uba	u b a	1252	HOUSE
house	huis	486		oudemans1879		Mentawai	oêmâ	ment1249	Mentawai	162	o ê m â	O e m a	Oema	ɔ e m a	1252	HOUSE
house	huis	486		oudemans1879		Nias	nômô	nias1242	Nias	163	n ô m ô	n o m o	nomo	n o m o	1252	HOUSE
tree	boom	486		oudemans1879		Enggano	kahara koewo	engg1245	Enggano	164	k a h a r a _ k oe w o	k a h a r a _ k u w O	kahara_kuwO	k a h a r a _ k u w ɔ	906	TREE
tree	boom	486		oudemans1879		Mentawai	bâkat	ment1249	Mentawai	165	b â k a t	b a k a t	bakat	b a k a t	906	TREE
tree	boom	486		oudemans1879		Nias	embôrô	nias1242	Nias	166	e mb ô r ô	e mb o r o	emboro	e ʙ o r o	906	TREE
wood	hout	486		oudemans1879		Enggano	ekoewo	engg1245	Enggano	167	e k oe w o	e k u w O	ekuwO	e k u w ɔ	1803	WOOD
wood	hout	486		oudemans1879		Nias	geoe	nias1242	Nias	168	g e oe	g e u	geu	g e u	1803	WOOD
river	rivier	486		oudemans1879		Enggano	iebo	engg1245	Enggano	169	ie b o	i b O	ibO	i b ɔ	666	RIVER
river	rivier	486		oudemans1879		Mentawai	toeboe djodja	ment1249	Mentawai	170	t oe b oe _ dj o dj a	t u b u _ j O j a	tubu_jOja	t u b u _ d͡ʒ ɔ d͡ʒ a	666	RIVER
river	rivier	486		oudemans1879		Nias	loeâha	nias1242	Nias	171	l oe â h a	l u a h a	luaha	l u a h a	666	RIVER
sea	zee	486		oudemans1879		Enggano	éoewé	engg1245	Enggano	172	é oe w é	e u w e	euwe	e u w e	1474	SEA
sea	zee	486		oudemans1879		Mentawai	hôat	ment1249	Mentawai	173	h ô a t	h o a t	hoat	h o a t	1474	SEA
sea	zee	486		oudemans1879		Nias	nâsi	nias1242	Nias	174	n â s i	n a s i	nasi	n a s i	1474	SEA
ship	schip	486		oudemans1879		Enggano	eoeba-kiemo	engg1245	Enggano	175	e oe b a - k ie m o	e u b a ' k i m O	euba'kimO	e u b a ʔ k i m ɔ	740	SHIP
ship	schip	486		oudemans1879		Mentawai	kinâpat	ment1249	Mentawai	176	k i n â p a t	k i n a p a t	kinapat	k i n a p a t	740	SHIP
ship	schip	486		oudemans1879		Nias	nôwô	nias1242	Nias	177	n ô w ô	n o w o	nowo	n o w o	740	SHIP
sampan (k.o. boat)	sampan	486		oudemans1879		Enggano	elohoa	engg1245	Enggano	178	e l oh o a	e l o O a	eloOa	e l o ɔ a	1844	BOAT
sampan (k.o. boat)	sampan	486		oudemans1879		Mentawai	abak	ment1249	Mentawai	179	a b a k	a b a k	abak	a b a k	1844	BOAT
sampan (k.o. boat)	sampan	486		oudemans1879		Nias	toendaha	nias1242	Nias	180	t oe n d a h a	t u n d a h a	tundaha	t u n d a h a	1844	BOAT
paddle	pagaai	486		oudemans1879		Enggano	eodjie	engg1245	Enggano	181	e o dj ie	e O j i	eOji	e ɔ d͡ʒ i	3318	OAR OR PADDLE
paddle	pagaai	486		oudemans1879		Mentawai	loega	ment1249	Mentawai	182	l oe g a	l u g a	luga	l u g a	3318	OAR OR PADDLE
paddle	pagaai	486		oudemans1879		Nias	galoega	nias1242	Nias	183	g a l oe g a	g a l u g a	galuga	g a l u g a	3318	OAR OR PADDLE
fire	vuur	486		oudemans1879		Enggano	ejobie	engg1245	Enggano	184	e j o b ie	e y O b i	eyObi	e j ɔ b i	221	FIRE
fire	vuur	486		oudemans1879		Mentawai	oebengan	ment1249	Mentawai	185	oe b e ng a n	u b e ng a n	ubengan	u b e ŋ a n	221	FIRE
fire	vuur	486		oudemans1879		Nias	galîtah	nias1242	Nias	186	g a l î t a h	g a l i t a h	galitah	g a l i t a h	221	FIRE
roof	dak	486		oudemans1879		Enggano	oekoe-oeba	engg1245	Enggano	187	oe k oe - oe b a	u k u ' u b a	uku'uba	u k u ʔ u b a	769	ROOF
roof	dak	486		oudemans1879		Mentawai	tôbat	ment1249	Mentawai	188	t ô b a t	t o b a t	tobat	t o b a t	769	ROOF
roof	dak	486		oudemans1879		Nias	poeloedjakoe	nias1242	Nias	189	p oe l oe dj a k oe	p u l u j a k u	pulujaku	p u l u d͡ʒ a k u	769	ROOF
door	deur	486		oudemans1879		Enggano	karoebe	engg1245	Enggano	190	k a r oe b e	k a r u b e	karube	k a r u b e	1567	DOOR
door	deur	486		oudemans1879		Mentawai	pengiloh	ment1249	Mentawai	191	p e ng i l oh	p e ng i l o	pengilo	p e ŋ i l o	1567	DOOR
door	deur	486		oudemans1879		Nias	babandoewo	nias1242	Nias	192	b a b a n d oe w o	b a b a n d u w O	babanduwO	b a b a n d u w ɔ	1567	DOOR
sun	zon	486		oudemans1879		Enggano	kaha	engg1245	Enggano	193	k a h a	k a h a	kaha	k a h a	1343	SUN
sun	zon	486		oudemans1879		Mentawai	soeloe	ment1249	Mentawai	194	s oe l oe	s u l u	sulu	s u l u	1343	SUN
sun	zon	486		oudemans1879		Nias	mataloeoh	nias1242	Nias	195	m a t a l oe oh	m a t a l u o	mataluo	m a t a l u o	1343	SUN
day	dag	486		oudemans1879		Enggano	lakieho	engg1245	Enggano	196	l a k ie h o	l a k i x O	lakixO	l a k i ç ɔ	1225	DAY (NOT NIGHT)
day	dag	486		oudemans1879		Mentawai	mepatoh	ment1249	Mentawai	197	m e p a t oh	m e p a t o	mepato	m e p a t o	1225	DAY (NOT NIGHT)
day	dag	486		oudemans1879		Nias	loeoh	nias1242	Nias	198	l oe oh	l u o	luo	l u o	1225	DAY (NOT NIGHT)
moon	maan	486		oudemans1879		Enggano	ekanoa	engg1245	Enggano	199	e k a n o a	e k a n O a	ekanOa	e k a n ɔ a	1313	MOON
moon	maan	486		oudemans1879		Mentawai	lakô	ment1249	Mentawai	200	l a k ô	l a k o	lako	l a k o	1313	MOON
moon	maan	486		oudemans1879		Nias	bâwa	nias1242	Nias	201	b â w a	b a w a	bawa	b a w a	1313	MOON
star	ster	486		oudemans1879		Enggano	éfé odā	engg1245	Enggano	202	é f é _ o d ā	e f e _ O d a a	efe_Odaa	e f e _ ɔ d aː	1430	STAR
star	ster	486		oudemans1879		Mentawai	penjanjat	ment1249	Mentawai	203	p e n j a n j a t	p e n y a n y a t	penyanyat	p e n j a n j a t	1430	STAR
star	ster	486		oudemans1879		Nias	dôfi	nias1242	Nias	204	d ô f i	d o f i	dofi	d o f i	1430	STAR
midday	middag	486		oudemans1879		Enggano	paroheije	engg1245	Enggano	205	p a r oh ei j e	p a r o e:i y e	paroe:iye	p a r o ɛi j e	12	MIDDAY
midday	middag	486		oudemans1879		Mentawai	metoeget tjoeloe	ment1249	Mentawai	206	m e t oe g e t _ tj oe l oe	m e t u g e t _ c u l u	metuget_culu	m e t u g e t _ t͡ʃ u l u	12	MIDDAY
midday	middag	486		oudemans1879		Nias	tengaloeoh	nias1242	Nias	207	t e ng a l oe oh	t e ng a l u o	tengaluo	t e ŋ a l u o	12	MIDDAY
wind	wind	486		oudemans1879		Enggano	ekiejoe	engg1245	Enggano	208	e k ie j oe	e k i y u	ekiyu	e k i j u	960	WIND
wind	wind	486		oudemans1879		Mentawai	roesa	ment1249	Mentawai	209	r oe s a	r u s a	rusa	r u s a	960	WIND
wind	wind	486		oudemans1879		Nias	nangi	nias1242	Nias	210	n a ng i	n a ng i	nangi	n a ŋ i	960	WIND
current	stroom	486		oudemans1879		Enggano	kaha kakie	engg1245	Enggano	211	k a h a _ k a k ie	k a h a _ k a k i	kaha_kaki	k a h a _ k a k i	2935	CURRENT (STREAM)
current	stroom	486		oudemans1879		Mentawai	marekdek	ment1249	Mentawai	212	m a r e k d e k	m a r e k d e k	marekdek	m a r e k d e k	2935	CURRENT (STREAM)
current	stroom	486		oudemans1879		Nias	idaneu sabè-è	nias1242	Nias	213	i d a n eu _ s a b è - è	i d a n e:u _ s a b E ' E	idane:u_sabE'E	i d a n ɛu _ s a b ɛ ʔ ɛ	2935	CURRENT (STREAM)
hill	heuvel	486		oudemans1879		Enggano	ekohé	engg1245	Enggano	214	e k oh é	e k o e	ekoe	e k o e	614	HILL
hill	heuvel	486		oudemans1879		Mentawai	boekoe	ment1249	Mentawai	215	b oe k oe	b u k u	buku	b u k u	614	HILL
hill	heuvel	486		oudemans1879		Nias	ili sideidei	nias1242	Nias	216	i l i _ s i d ei d ei	i l i _ s i d e:i d e:i	ili_side:ide:i	i l i _ s i d ɛi d ɛi	614	HILL
mountain	berg	486		oudemans1879		Enggano	ekohé	engg1245	Enggano	217	e k oh é	e k o e	ekoe	e k o e	639	MOUNTAIN
mountain	berg	486		oudemans1879		Mentawai	boelak	ment1249	Mentawai	218	b oe l a k	b u l a k	bulak	b u l a k	639	MOUNTAIN
mountain	berg	486		oudemans1879		Nias	ili siboea	nias1242	Nias	219	i l i _ s i b oe a	i l i _ s i b u a	ili_sibua	i l i _ s i b u a	639	MOUNTAIN
flood	bandjir	486		oudemans1879		Enggano	kaoedoe doewe	engg1245	Enggano	220	k aoe d oe _ d oe w e	k a ' u d u _ d u w e	ka'udu_duwe	k a ʔ u d u _ d u w e	613	HIGH TIDE
flood	bandjir	486		oudemans1879		Mentawai	madjoedjoet	ment1249	Mentawai	221	m a dj oe dj oe t	m a j u j u t	majujut	m a d͡ʒ u d͡ʒ u t	613	HIGH TIDE
flood	bandjir	486		oudemans1879		Nias	môloe siboea	nias1242	Nias	222	m ô l oe _ s i b oe a	m o l u _ s i b u a	molu_sibua	m o l u _ s i b u a	613	HIGH TIDE
shield	schild	486		oudemans1879	groot	Enggano	ékieahe	engg1245	Enggano	223	é k ie a h e	e k i a h e	ekiahe	e k i a h e	1064	SHIELD
shield	schild	486		oudemans1879	groot	Mentawai	koerâbi	ment1249	Mentawai	224	k oe r â b i	k u r a b i	kurabi	k u r a b i	1064	SHIELD
shield	schild	486		oudemans1879	groot	Nias	dangé	nias1242	Nias	225	d a ng é	d a ng e	dange	d a ŋ e	1064	SHIELD
shield	schild	486		oudemans1879	klein	Enggano	ékieahe	engg1245	Enggano	226	é k ie a h e	e k i a h e	ekiahe	e k i a h e	1064	SHIELD
shield	schild	486		oudemans1879	klein	Mentawai	koerâbi	ment1249	Mentawai	227	k oe r â b i	k u r a b i	kurabi	k u r a b i	1064	SHIELD
shield	schild	486		oudemans1879	klein	Nias	toelo toeloe	nias1242	Nias	228	t oe l o _ t oe l oe	t u l O _ t u l u	tulO_tulu	t u l ɔ _ t u l u	1064	SHIELD
knife k.o.	steekmes	486		oudemans1879		Enggano	efiekofieko	engg1245	Enggano	229	e f ie k o f ie k o	e f i k O f i k O	efikOfikO	e f i k ɔ f i k ɔ	1352	KNIFE
knife k.o.	steekmes	486		oudemans1879		Mentawai	palitei	ment1249	Mentawai	230	p a l i t ei	p a l i t e:i	palite:i	p a l i t ɛi	1352	KNIFE
knife k.o.	steekmes	486		oudemans1879		Nias	boeloesèwa	nias1242	Nias	231	b oe l oe s è w a	b u l u s E w a	bulusEwa	b u l u s ɛ w a	1352	KNIFE
bow	boog	486		oudemans1879		Enggano	epiéko	engg1245	Enggano	232	e p i é k o	e p i e k O	epiekO	e p i e k ɔ	994	BOW
arrow	pijl	486		oudemans1879		Enggano	epiéko	engg1245	Enggano	233	e p i é k o	e p i e k O	epiekO	e p i e k ɔ	977	ARROW
cutlass k.o.	klewang	486		oudemans1879		Enggano	feitjie	engg1245	Enggano	234	f ei tj ie	f e:i c i	fe:ici	f ɛi t͡ʃ i	1535	SWORD
cutlass k.o.	klewang	486		oudemans1879		Nias	toho telègoe	nias1242	Nias	235	t oh o _ t e l è g oe	t o O _ t e l E g u	toO_telEgu	t o ɔ _ t e l ɛ g u	1535	SWORD
javelin	werpspies	486		oudemans1879		Enggano	ekajo	engg1245	Enggano	236	e k a j o	e k a y O	ekayO	e k a j ɔ	945	SPEAR
big	groot	486		oudemans1879		Enggano	a-ieje	engg1245	Enggano	237	a - ie j e	a ' i y e	a'iye	a ʔ i j e	1202	BIG
big	groot	486		oudemans1879		Mentawai	abéoe	ment1249	Mentawai	238	a b é oe	a b e u	abeu	a b e u	1202	BIG
big	groot	486		oudemans1879		Nias	siboea	nias1242	Nias	239	s i b oe a	s i b u a	sibua	s i b u a	1202	BIG
small	klein	486		oudemans1879		Enggano	noekie	engg1245	Enggano	240	n oe k ie	n u k i	nuki	n u k i	1246	SMALL
small	klein	486		oudemans1879		Mentawai	segôsô	ment1249	Mentawai	241	s e g ô s ô	s e g o s o	segoso	s e g o s o	1246	SMALL
small	klein	486		oudemans1879		Nias	déï deî	nias1242	Nias	242	d é ï _ d eî	d e ' i _ d e:i	de'i_de:i	d e ʔ i _ d ɛi	1246	SMALL
old	oud	486		oudemans1879		Enggano	éā	engg1245	Enggano	243	é ā	e a a	eaa	e aː	1229	OLD
old	oud	486		oudemans1879		Mentawai	kêla	ment1249	Mentawai	244	k ê l a	k e l a	kela	k e l a	1229	OLD
old	oud	486		oudemans1879		Nias	satoewa	nias1242	Nias	245	s a t oe w a	s a t u w a	satuwa	s a t u w a	1229	OLD
young	jong	486		oudemans1879		Enggano	eahanieje	engg1245	Enggano	246	e a h a n ie j e	e a h a n i y e	eahaniye	e a h a n i j e	1207	YOUNG
young	jong	486		oudemans1879		Mentawai	lô	ment1249	Mentawai	247	l ô	l o	lo	l o	1207	YOUNG
young	jong	486		oudemans1879		Nias	sikaboejoe	nias1242	Nias	248	s i k a b oe j oe	s i k a b u y u	sikabuyu	s i k a b u j u	1207	YOUNG
male	mannelijk	487		oudemans1879		Enggano	émané	engg1245	Enggano	249	é m a n é	e m a n e	emane	e m a n e	1553	MALE
male	mannelijk	487		oudemans1879		Nias	simatoewa	nias1242	Nias	250	s i m a t oe w a	s i m a t u w a	simatuwa	s i m a t u w a	1553	MALE
female	vrouwelijk	487		oudemans1879		Enggano	éhoeda	engg1245	Enggano	251	é h oe d a	e h u d a	ehuda	e h u d a	1551	FEMALE
female	vrouwelijk	487		oudemans1879		Nias	sihalāwé	nias1242	Nias	252	s i h a l ā w é	s i x a l a a w e	sixalaawe	s i ç a l aː w e	1551	FEMALE
long	lang	487		oudemans1879		Enggano	aieje-noe	engg1245	Enggano	253	a ie j e - n oe	a i y e ' n u	aiye'nu	a i j e ʔ n u	1203	LONG
long	lang	487		oudemans1879		Mentawai	ata	ment1249	Mentawai	254	a t a	a t a	ata	a t a	1203	LONG
long	lang	487		oudemans1879		Nias	enaoe	nias1242	Nias	255	e n aoe	e n a ' u	ena'u	e n a ʔ u	1203	LONG
short	kort	487		oudemans1879		Enggano	kakoewo	engg1245	Enggano	256	k a k oe w o	k a k u w O	kakuwO	k a k u w ɔ	1645	SHORT
short	kort	487		oudemans1879		Mentawai	metètè	ment1249	Mentawai	257	m e t è t è	m e t E t E	metEtE	m e t ɛ t ɛ	1645	SHORT
short	kort	487		oudemans1879		Nias	dogo dogo	nias1242	Nias	258	d o g o _ d o g o	d O g O _ d O g O	dOgO_dOgO	d ɔ g ɔ _ d ɔ g ɔ	1645	SHORT
wide	breed	487		oudemans1879		Enggano	aieja foho	engg1245	Enggano	259	a ie j a _ f oh o	a i y a _ f o O	aiya_foO	a i j a _ f o ɔ	1243	WIDE
wide	breed	487		oudemans1879		Mentawai	alîò	ment1249	Mentawai	260	a l î ò	a l i O	aliO	a l i ɔ	1243	WIDE
wide	breed	487		oudemans1879		Nias	ebeûlo	nias1242	Nias	261	e b eû l o	e b e:u l O	ebe:ulO	e b ɛu l ɔ	1243	WIDE
narrow	smal	487		oudemans1879		Enggano	noekie foho	engg1245	Enggano	262	n oe k ie _ f oh o	n u k i _ f o O	nuki_foO	n u k i _ f o ɔ	1267	NARROW
beautiful	mooi	487		oudemans1879		Enggano	kaoewe	engg1245	Enggano	263	k aoe w e	k a ' u w e	ka'uwe	k a ʔ u w e	1427	BEAUTIFUL
beautiful	mooi	487		oudemans1879		Mentawai	méroei	ment1249	Mentawai	264	m é r o ei	m e r O e:i	merOe:i	m e r ɔ ɛi	1427	BEAUTIFUL
beautiful	mooi	487		oudemans1879		Nias	seuchi	nias1242	Nias	265	s eu c h i	s e:u k h i	se:ukhi	s ɛu k h i	1427	BEAUTIFUL
ugly	leelijk	487		oudemans1879		Enggano	kieohé	engg1245	Enggano	266	k ie oh é	k i o e	kioe	k i o e	1548	UGLY
ugly	leelijk	487		oudemans1879		Mentawai	makàtai	ment1249	Mentawai	267	m a k à t ai	m a k a t a:i	makata:i	m a k a t ai	1548	UGLY
ugly	leelijk	487		oudemans1879		Nias	leu-eu seuchi	nias1242	Nias	268	l eu - eu _ s eu c h i	l e:u ' e:u _ s e:u k h i	le:u'e:u_se:ukhi	l ɛu ʔ ɛu _ s ɛu k h i	1548	UGLY
high	hoog	487		oudemans1879		Enggano	ietjébé	engg1245	Enggano	269	ie tj é b é	i c e b e	icebe	i t͡ʃ e b e	1265	HIGH
high	hoog	487		oudemans1879		Mentawai	ata	ment1249	Mentawai	270	a t a	a t a	ata	a t a	1265	HIGH
high	hoog	487		oudemans1879		Nias	enaoe	nias1242	Nias	271	e n aoe	e n a ' u	ena'u	e n a ʔ u	1265	HIGH
low	laag	487		oudemans1879		Enggano	ietofo	engg1245	Enggano	272	ie t o f o	i t O f O	itOfO	i t ɔ f ɔ	721	LOW
low	laag	487		oudemans1879		Mentawai	metètè	ment1249	Mentawai	273	m e t è t è	m e t E t E	metEtE	m e t ɛ t ɛ	721	LOW
low	laag	487		oudemans1879		Nias	dogo dogo	nias1242	Nias	274	d o g o _ d o g o	d O g O _ d O g O	dOgO_dOgO	d ɔ g ɔ _ d ɔ g ɔ	721	LOW
north	noord	487		oudemans1879		Mentawai	sikalaoet	ment1249	Mentawai	275	s i k a l aoe t	s i k a l a ' u t	sikala'ut	s i k a l a ʔ u t	1598	NORTH
west	west	487		oudemans1879		Mentawai	bertapat soenjie	ment1249	Mentawai	276	b e r t a p a t _ s oe n j ie	b e r t a p a t _ s u n y i	bertapat_sunyi	b e r t a p a t _ s u n j i	1817	WEST
south	zuid	487		oudemans1879		Mentawai	kajâman	ment1249	Mentawai	277	k a j â m a n	k a y a m a n	kayaman	k a j a m a n	1595	SOUTH
east	oost	487		oudemans1879		Mentawai	matatjoedoe	ment1249	Mentawai	278	m a t a tj oe d oe	m a t a c u d u	matacudu	m a t a t͡ʃ u d u	1877	EAST
hungry	hongerig	487		oudemans1879		Enggano	éaba	engg1245	Enggano	279	é a b a	e a b a	eaba	e a b a	1533	BE HUNGRY
hungry	hongerig	487		oudemans1879		Mentawai	meladjè	ment1249	Mentawai	280	m e l a dj è	m e l a j E	melajE	m e l a d͡ʒ ɛ	1533	BE HUNGRY
hungry	hongerig	487		oudemans1879		Nias	alófó daloe	nias1242	Nias	281	a l ó f ó _ d a l oe	a l o f o _ d a l u	alofo_dalu	a l o f o _ d a l u	1533	BE HUNGRY
full	verzadigd	487		oudemans1879		Enggano	hobelélé	engg1245	Enggano	282	h o b e l é l é	h O b e l e l e	hObelele	h ɔ b e l e l e	1429	FULL
full	verzadigd	487		oudemans1879		Mentawai	mètèng	ment1249	Mentawai	283	m è t è ng	m E t E ng	mEtEng	m ɛ t ɛ ŋ	1429	FULL
full	verzadigd	487		oudemans1879		Nias	aboesoe daloe	nias1242	Nias	284	a b oe s oe _ d a l oe	a b u s u _ d a l u	abusu_dalu	a b u s u _ d a l u	1429	FULL
I	ik	487		oudemans1879		Enggano	oewa	engg1245	Enggano	285	oe w a	u w a	uwa	u w a	1209	I
I	ik	487		oudemans1879		Mentawai	akoe	ment1249	Mentawai	286	a k oe	a k u	aku	a k u	1209	I
I	ik	487		oudemans1879		Nias	jaôdô	nias1242	Nias	287	j a ô d ô	y a o d o	yaodo	j a o d o	1209	I
I	ik	487		oudemans1879		Mentawai	mangaû	ment1249	Mentawai	288	m a ng a û	m a ng a u	mangau	m a ŋ a u	1209	I
you	gij	487		oudemans1879		Enggano	oh	engg1245	Enggano	289	oh	o	o	o	1213	YOU
you	gij	487		oudemans1879		Mentawai	ekéo	ment1249	Mentawai	290	e k é o	e k e O	ekeO	e k e ɔ	1213	YOU
you	gij	487		oudemans1879		Nias	eû	nias1242	Nias	291	eû	e:u	e:u	ɛu	1213	YOU
you	gij	487		oudemans1879		Nias	jaôgô	nias1242	Nias	292	j a ô g ô	y a o g o	yaogo	j a o g o	1213	YOU
he	hij	487		oudemans1879		Enggano	kieja	engg1245	Enggano	293	k ie j a	k i y a	kiya	k i j a	1211	HE
he	hij	487		oudemans1879		Mentawai	ekéo léo	ment1249	Mentawai	294	e k é o _ l é o	e k e O _ l e O	ekeO_leO	e k e ɔ _ l e ɔ	1211	HE
he	hij	487		oudemans1879		Nias	ja îja	nias1242	Nias	295	j a _ î j a	y a _ i y a	ya_iya	j a _ i j a	1211	HE
we	wij	487		oudemans1879		Enggano	ieka	engg1245	Enggano	296	ie k a	i k a	ika	i k a	1212	WE
we	wij	487		oudemans1879		Mentawai	akoe sengabilinga	ment1249	Mentawai	297	a k oe _ s e ng a b i l i ng a	a k u _ s e ng a b i l i ng a	aku_sengabilinga	a k u _ s e ŋ a b i l i ŋ a	1212	WE
we	wij	487		oudemans1879		Nias	ja-itanda	nias1242	Nias	298	j a - i t a n d a	y a ' i t a n d a	ya'itanda	j a ʔ i t a n d a	1212	WE
you	gij	487		oudemans1879		Mentawai	ekéo sengabilinga (?)	ment1249	Mentawai	299	e k é o _ s e ng a b i l i ng a _ ( ? )	e k e O _ s e ng a b i l i ng a _ ( ? )	ekeO_sengabilinga_(?)	e k e ɔ _ s e ŋ a b i l i ŋ a _ ( ? )	1213	YOU
you	gij	487		oudemans1879		Nias	iaôgô	nias1242	Nias	300	i a ô g ô	i a o g o	iaogo	i a o g o	1213	YOU
they	zij	487		oudemans1879		Enggano	kieja	engg1245	Enggano	301	k ie j a	k i y a	kiya	k i j a	817	THEY
they	zij	487		oudemans1879		Mentawai	ekéo léo sengabilinga (?)	ment1249	Mentawai	302	e k é o _ l é o _ s e ng a b i l i ng a _ ( ? )	e k e O _ l e O _ s e ng a b i l i ng a _ ( ? )	ekeO_leO_sengabilinga_(?)	e k e ɔ _ l e ɔ _ s e ŋ a b i l i ŋ a _ ( ? )	817	THEY
they	zij	487		oudemans1879		Nias	ia-ija	nias1242	Nias	303	i a - i j a	i a ' i y a	ia'iya	i a ʔ i j a	817	THEY
one	1	487		oudemans1879		Enggano	kahaie	engg1245	Enggano	304	k a h a ie	k a h a i	kahai	k a h a i	1493	ONE
one	1	487		oudemans1879		Mentawai	sara	ment1249	Mentawai	305	s a r a	s a r a	sara	s a r a	1493	ONE
one	1	487		oudemans1879		Nias	sara	nias1242	Nias	306	s a r a	s a r a	sara	s a r a	1493	ONE
two	2	487		oudemans1879		Enggano	adoewa	engg1245	Enggano	307	a d oe w a	a d u w a	aduwa	a d u w a	1498	TWO
two	2	487		oudemans1879		Mentawai	doewa	ment1249	Mentawai	308	d oe w a	d u w a	duwa	d u w a	1498	TWO
two	2	487		oudemans1879		Nias	doewa	nias1242	Nias	309	d oe w a	d u w a	duwa	d u w a	1498	TWO
three	3	487		oudemans1879		Enggano	akoloe	engg1245	Enggano	310	a k o l oe	a k O l u	akOlu	a k ɔ l u	492	THREE
three	3	487		oudemans1879		Mentawai	tèloe	ment1249	Mentawai	311	t è l oe	t E l u	tElu	t ɛ l u	492	THREE
three	3	487		oudemans1879		Nias	teuloe	nias1242	Nias	312	t eu l oe	t e:u l u	te:ulu	t ɛu l u	492	THREE
four	4	487		oudemans1879		Enggano	afa	engg1245	Enggano	313	a f a	a f a	afa	a f a	1500	FOUR
four	4	487		oudemans1879		Mentawai	epat	ment1249	Mentawai	314	e p a t	e p a t	epat	e p a t	1500	FOUR
four	4	487		oudemans1879		Nias	ôfa	nias1242	Nias	315	ô f a	o f a	ofa	o f a	1500	FOUR
five	5	487		oudemans1879		Enggano	alieba	engg1245	Enggano	316	a l ie b a	a l i b a	aliba	a l i b a	493	FIVE
five	5	487		oudemans1879		Mentawai	lima	ment1249	Mentawai	317	l i m a	l i m a	lima	l i m a	493	FIVE
five	5	487		oudemans1879		Nias	lima	nias1242	Nias	318	l i m a	l i m a	lima	l i m a	493	FIVE
six	6	487		oudemans1879		Enggano	kaikiene	engg1245	Enggano	319	k ai k ie n e	k a:i k i n e	ka:ikine	k ai k i n e	1703	SIX
six	6	487		oudemans1879		Mentawai	ènèm	ment1249	Mentawai	320	è n è m	E n E m	EnEm	ɛ n ɛ m	1703	SIX
six	6	487		oudemans1879		Nias	eôneû	nias1242	Nias	321	e ô n eû	e o n e:u	eone:u	e o n ɛu	1703	SIX
seven	7	487		oudemans1879		Enggano	aliebe é adoewa	engg1245	Enggano	322	a l ie b e _ é _ a d oe w a	a l i b e _ e _ a d u w a	alibe_e_aduwa	a l i b e _ e _ a d u w a	1704	SEVEN
seven	7	487		oudemans1879		Mentawai	pitoe	ment1249	Mentawai	323	p i t oe	p i t u	pitu	p i t u	1704	SEVEN
seven	7	487		oudemans1879		Nias	fitoe	nias1242	Nias	324	f i t oe	f i t u	fitu	f i t u	1704	SEVEN
eight	8	487		oudemans1879		Enggano	afa é afa	engg1245	Enggano	325	a f a _ é _ a f a	a f a _ e _ a f a	afa_e_afa	a f a _ e _ a f a	1705	EIGHT
eight	8	487		oudemans1879		Mentawai	waloe	ment1249	Mentawai	326	w a l oe	w a l u	walu	w a l u	1705	EIGHT
eight	8	487		oudemans1879		Nias	waloe	nias1242	Nias	327	w a l oe	w a l u	walu	w a l u	1705	EIGHT
nine	9	487		oudemans1879		Enggano	aliebe é afa	engg1245	Enggano	328	a l ie b e _ é _ a f a	a l i b e _ e _ a f a	alibe_e_afa	a l i b e _ e _ a f a	1483	NINE
nine	9	487		oudemans1879		Mentawai	siwa	ment1249	Mentawai	329	s i w a	s i w a	siwa	s i w a	1483	NINE
nine	9	487		oudemans1879		Nias	siwa	nias1242	Nias	330	s i w a	s i w a	siwa	s i w a	1483	NINE
ten	10	487		oudemans1879		Enggano	kahafoeloe	engg1245	Enggano	331	k a h a f oe l oe	k a h a f u l u	kahafulu	k a h a f u l u	1515	TEN
ten	10	487		oudemans1879		Mentawai	poeloe	ment1249	Mentawai	332	p oe l oe	p u l u	pulu	p u l u	1515	TEN
ten	10	487		oudemans1879		Nias	foeloe	nias1242	Nias	333	f oe l oe	f u l u	fulu	f u l u	1515	TEN
eleven	11	487		oudemans1879		Enggano	kahafoeloe é kehaie	engg1245	Enggano	334	k a h a f oe l oe _ é _ k e h a ie	k a h a f u l u _ e _ k e h a i	kahafulu_e_kehai	k a h a f u l u _ e _ k e h a i	1706	ELEVEN
eleven	11	487		oudemans1879		Mentawai	poeloe sara tera	ment1249	Mentawai	335	p oe l oe _ s a r a _ t e r a	p u l u _ s a r a _ t e r a	pulu_sara_tera	p u l u _ s a r a _ t e r a	1706	ELEVEN
eleven	11	487		oudemans1879		Nias	filisara	nias1242	Nias	336	f i l i s a r a	f i l i s a r a	filisara	f i l i s a r a	1706	ELEVEN
twelve	12	487		oudemans1879		Enggano	kahafoeloe é adoewa	engg1245	Enggano	337	k a h a f oe l oe _ é _ a d oe w a	k a h a f u l u _ e _ a d u w a	kahafulu_e_aduwa	k a h a f u l u _ e _ a d u w a	1707	TWELVE
twelve	12	487		oudemans1879		Mentawai	poeloe doewa tera	ment1249	Mentawai	338	p oe l oe _ d oe w a _ t e r a	p u l u _ d u w a _ t e r a	pulu_duwa_tera	p u l u _ d u w a _ t e r a	1707	TWELVE
twelve	12	487		oudemans1879		Nias	filidoewa	nias1242	Nias	339	f i l i d oe w a	f i l i d u w a	filiduwa	f i l i d u w a	1707	TWELVE
thirteen	13	487		oudemans1879		Enggano	kahafoeloe é akoloe	engg1245	Enggano	340	k a h a f oe l oe _ é _ a k o l oe	k a h a f u l u _ e _ a k O l u	kahafulu_e_akOlu	k a h a f u l u _ e _ a k ɔ l u	1708	THIRTEEN
thirteen	13	487		oudemans1879		Mentawai	poeloe teloe tera	ment1249	Mentawai	341	p oe l oe _ t e l oe _ t e r a	p u l u _ t e l u _ t e r a	pulu_telu_tera	p u l u _ t e l u _ t e r a	1708	THIRTEEN
thirteen	13	487		oudemans1879		Nias	fili deuloe	nias1242	Nias	342	f i l i _ d eu l oe	f i l i _ d e:u l u	fili_de:ulu	f i l i _ d ɛu l u	1708	THIRTEEN
twenty	20	488		oudemans1879		Enggano	kahaie takka	engg1245	Enggano	343	k a h a ie _ t a k k a	k a h a i _ t a k k a	kahai_takka	k a h a i _ t a k k a	1710	TWENTY
twenty	20	488		oudemans1879		Mentawai	doeang a poeloe	ment1249	Mentawai	344	d oe a ng _ a _ p oe l oe	d u a ng _ a _ p u l u	duang_a_pulu	d u a ŋ _ a _ p u l u	1710	TWENTY
twenty	20	488		oudemans1879		Nias	doewapoeloe	nias1242	Nias	345	d oe w a p oe l oe	d u w a p u l u	duwapulu	d u w a p u l u	1710	TWENTY
thirty	30	488		oudemans1879		Enggano	kahaie takka é kahafoeloe	engg1245	Enggano	346	k a h a ie _ t a k k a _ é _ k a h a f oe l oe	k a h a i _ t a k k a _ e _ k a h a f u l u	kahai_takka_e_kahafulu	k a h a i _ t a k k a _ e _ k a h a f u l u	1715	THIRTY
thirty	30	488		oudemans1879		Mentawai	telonga a poeloe	ment1249	Mentawai	347	t e l o ng a _ a _ p oe l oe	t e l O ng a _ a _ p u l u	telOnga_a_pulu	t e l ɔ ŋ a _ a _ p u l u	1715	THIRTY
thirty	30	488		oudemans1879		Nias	teuloepoeloe	nias1242	Nias	348	t eu l oe p oe l oe	t e:u l u p u l u	te:ulupulu	t ɛu l u p u l u	1715	THIRTY
forty	40	488		oudemans1879		Enggano	adoewa takka	engg1245	Enggano	349	a d oe w a _ t a k k a	a d u w a _ t a k k a	aduwa_takka	a d u w a _ t a k k a	1716	FORTY
forty	40	488		oudemans1879		Mentawai	epatuga a poeloe	ment1249	Mentawai	350	e p a t u g a _ a _ p oe l oe	e p a t u g a _ a _ p u l u	epatuga_a_pulu	e p a t u g a _ a _ p u l u	1716	FORTY
forty	40	488		oudemans1879		Nias	ofapoeloe	nias1242	Nias	351	o f a p oe l oe	O f a p u l u	Ofapulu	ɔ f a p u l u	1716	FORTY
fifty	50	488		oudemans1879		Enggano	adoewa takka é kahafoeloe	engg1245	Enggano	352	a d oe w a _ t a k k a _ é _ k a h a f oe l oe	a d u w a _ t a k k a _ e _ k a h a f u l u	aduwa_takka_e_kahafulu	a d u w a _ t a k k a _ e _ k a h a f u l u	1717	FIFTY
fifty	50	488		oudemans1879		Mentawai	limanga a poeloe	ment1249	Mentawai	353	l i m a ng a _ a _ p oe l oe	l i m a ng a _ a _ p u l u	limanga_a_pulu	l i m a ŋ a _ a _ p u l u	1717	FIFTY
fifty	50	488		oudemans1879		Nias	limapoeloe	nias1242	Nias	354	l i m a p oe l oe	l i m a p u l u	limapulu	l i m a p u l u	1717	FIFTY
sixty	60	488		oudemans1879		Enggano	akoloe takka	engg1245	Enggano	355	a k o l oe _ t a k k a	a k O l u _ t a k k a	akOlu_takka	a k ɔ l u _ t a k k a	1718	SIXTY
sixty	60	488		oudemans1879		Mentawai	ènèngapoeloe	ment1249	Mentawai	356	è n è ng a p oe l oe	E n E ng a p u l u	EnEngapulu	ɛ n ɛ ŋ a p u l u	1718	SIXTY
sixty	60	488		oudemans1879		Nias	eônêupoeloe	nias1242	Nias	357	e ô n ê u p oe l oe	e o n e u p u l u	eoneupulu	e o n e u p u l u	1718	SIXTY
seventy	70	488		oudemans1879		Enggano	akoloe takka é kahafoeloe	engg1245	Enggano	358	a k o l oe _ t a k k a _ é _ k a h a f oe l oe	a k O l u _ t a k k a _ e _ k a h a f u l u	akOlu_takka_e_kahafulu	a k ɔ l u _ t a k k a _ e _ k a h a f u l u	1721	SEVENTY
seventy	70	488		oudemans1879		Mentawai	pitoenga a poeloe	ment1249	Mentawai	359	p i t oe ng a _ a _ p oe l oe	p i t u ng a _ a _ p u l u	pitunga_a_pulu	p i t u ŋ a _ a _ p u l u	1721	SEVENTY
seventy	70	488		oudemans1879		Nias	fitoepoeloe	nias1242	Nias	360	f i t oe p oe l oe	f i t u p u l u	fitupulu	f i t u p u l u	1721	SEVENTY
eighty	80	488		oudemans1879		Enggano	afa takka	engg1245	Enggano	361	a f a _ t a k k a	a f a _ t a k k a	afa_takka	a f a _ t a k k a	1722	EIGHTY
eighty	80	488		oudemans1879		Mentawai	waloenga a poeloe	ment1249	Mentawai	362	w a l oe ng a _ a _ p oe l oe	w a l u ng a _ a _ p u l u	walunga_a_pulu	w a l u ŋ a _ a _ p u l u	1722	EIGHTY
eighty	80	488		oudemans1879		Nias	waloepoeloe	nias1242	Nias	363	w a l oe p oe l oe	w a l u p u l u	walupulu	w a l u p u l u	1722	EIGHTY
ninety	90	488		oudemans1879		Enggano	afa takka é kahafoeloe	engg1245	Enggano	364	a f a _ t a k k a _ é _ k a h a f oe l oe	a f a _ t a k k a _ e _ k a h a f u l u	afa_takka_e_kahafulu	a f a _ t a k k a _ e _ k a h a f u l u	1724	NINETY
ninety	90	488		oudemans1879		Mentawai	siwanga a poeloe	ment1249	Mentawai	365	s i w a ng a _ a _ p oe l oe	s i w a ng a _ a _ p u l u	siwanga_a_pulu	s i w a ŋ a _ a _ p u l u	1724	NINETY
ninety	90	488		oudemans1879		Nias	siwapoeloe	nias1242	Nias	366	s i w a p oe l oe	s i w a p u l u	siwapulu	s i w a p u l u	1724	NINETY
one hundred	100	488		oudemans1879		Enggano	alieba takka	engg1245	Enggano	367	a l ie b a _ t a k k a	a l i b a _ t a k k a	aliba_takka	a l i b a _ t a k k a	1634	HUNDRED
one hundred	100	488		oudemans1879		Mentawai	sengôtoe	ment1249	Mentawai	368	s e ng ô t oe	s e ng o t u	sengotu	s e ŋ o t u	1634	HUNDRED
one hundred	100	488		oudemans1879		Nias	ôtoe	nias1242	Nias	369	ô t oe	o t u	otu	o t u	1634	HUNDRED
two hundred	200	488		oudemans1879		Enggano	kahafoeloe takka	engg1245	Enggano	370	k a h a f oe l oe _ t a k k a	k a h a f u l u _ t a k k a	kahafulu_takka	k a h a f u l u _ t a k k a	2676	TWO HUNDRED
two hundred	200	488		oudemans1879		Mentawai	doeangôtoe	ment1249	Mentawai	371	d oe a ng ô t oe	d u a ng o t u	duangotu	d u a ŋ o t u	2676	TWO HUNDRED
three hundred	300	488		oudemans1879		Enggano	kahafoeloe é alieba  takka	engg1245	Enggano	372	k a h a f oe l oe _ é _ a l ie b a _ _ t a k k a	k a h a f u l u _ e _ a l i b a _ _ t a k k a	kahafulu_e_aliba__takka	k a h a f u l u _ e _ a l i b a _ _ t a k k a	3513	THREE HUNDRED
three hundred	300	488		oudemans1879		Mentawai	teulongôtoe	ment1249	Mentawai	373	t eu l o ng ô t oe	t e:u l O ng o t u	te:ulOngotu	t ɛu l ɔ ŋ o t u	3513	THREE HUNDRED
four hundred	400	488		oudemans1879		Enggano	kahaie kadodoka	engg1245	Enggano	374	k a h a ie _ k a d o d o k a	k a h a i _ k a d O d O k a	kahai_kadOdOka	k a h a i _ k a d ɔ d ɔ k a	3515	FOUR HUNDRED
one thousand	1000	488		oudemans1879		Enggano	adoewa kadodoka	engg1245	Enggano	375	a d oe w a _ k a d o d o k a	a d u w a _ k a d O d O k a	aduwa_kadOdOka	a d u w a _ k a d ɔ d ɔ k a	1843	THOUSAND
one thousand	1000	488		oudemans1879		Mentawai	poelongôtoe	ment1249	Mentawai	376	p oe l o ng ô t oe	p u l O ng o t u	pulOngotu	p u l ɔ ŋ o t u	1843	THOUSAND
one thousand	1000	488		oudemans1879		Nias	nahônô	nias1242	Nias	377	n a h ô n ô	n a h o n o	nahono	n a h o n o	1843	THOUSAND
eat	eten	488		oudemans1879		Enggano	meno	engg1245	Enggano	378	m e n o	m e n O	menO	m e n ɔ	1336	EAT
eat	eten	488		oudemans1879		Mentawai	mesoeboe	ment1249	Mentawai	379	m e s oe b oe	m e s u b u	mesubu	m e s u b u	1336	EAT
eat	eten	488		oudemans1879		Nias	manga	nias1242	Nias	380	m a ng a	m a ng a	manga	m a ŋ a	1336	EAT
drink	drinken	488		oudemans1879		Enggano	ietho	engg1245	Enggano	381	ie th o	i c O	icO	i t͡ʃ ɔ	1401	DRINK
drink	drinken	488		oudemans1879		Mentawai	melôh	ment1249	Mentawai	382	m e l ô h	m e l o h	meloh	m e l o h	1401	DRINK
drink	drinken	488		oudemans1879		Nias	membâdoe	nias1242	Nias	383	m e mb â d oe	m e mb a d u	membadu	m e ʙ a d u	1401	DRINK
sleep	slapen	488		oudemans1879		Enggano	abawoehe	engg1245	Enggano	384	a b a w oe h e	a b a w u h e	abawuhe	a b a w u h e	1585	SLEEP
sleep	slapen	488		oudemans1879		Mentawai	mèrèp	ment1249	Mentawai	385	m è r è p	m E r E p	mErEp	m ɛ r ɛ p	1585	SLEEP
sleep	slapen	488		oudemans1879		Nias	meureu	nias1242	Nias	386	m eu r eu	m e:u r e:u	me:ure:u	m ɛu r ɛu	1585	SLEEP
sit	zitten	488		oudemans1879		Enggano	hèkoe	engg1245	Enggano	387	h è k oe	h E k u	hEku	h ɛ k u	1416	SIT
sit	zitten	488		oudemans1879		Mentawai	koedoe	ment1249	Mentawai	388	k oe d oe	k u d u	kudu	k u d u	1416	SIT
sit	zitten	488		oudemans1879		Nias	dedâo	nias1242	Nias	389	d e d â o	d e d a O	dedaO	d e d a ɔ	1416	SIT
walk	loopen	488		oudemans1879		Enggano	kekokoje	engg1245	Enggano	390	k e k o k o j e	k e k O k O y e	kekOkOye	k e k ɔ k ɔ j e	1443	WALK
walk	loopen	488		oudemans1879		Mentawai	moeino	ment1249	Mentawai	391	m o ei n o	m O e:i n O	mOe:inO	m ɔ ɛi n ɔ	1443	WALK
walk	loopen	488		oudemans1879		Nias	moefano	nias1242	Nias	392	m oe f a n o	m u f a n O	mufanO	m u f a n ɔ	1443	WALK
stand	staan	488		oudemans1879		Enggano	kaèno	engg1245	Enggano	393	k aè n o	k a:e n O	ka:enO	k aɛ n ɔ	1442	STAND
stand	staan	488		oudemans1879		Mentawai	morîô	ment1249	Mentawai	394	m o r î ô	m O r i o	mOrio	m ɔ r i o	1442	STAND
stand	staan	488		oudemans1879		Nias	madjidjîo	nias1242	Nias	395	m a dj i dj î o	m a j i j i O	majijiO	m a d͡ʒ i d͡ʒ i ɔ	1442	STAND
wash	baden	488		oudemans1879		Enggano	kabaike	engg1245	Enggano	396	k a b ai k e	k a b a:i k e	kaba:ike	k a b ai k e	1453	WASH
wash	baden	488		oudemans1879		Mentawai	berau	ment1249	Mentawai	397	b e r a u	b e r a u	berau	b e r a u	1453	WASH
swim	zwemmen	488	ka'ake	oudemans1879		Enggano	kaäke	engg1245	Enggano	398	k aä k e	k a ' a k e	ka'ake	k a ʔ a k e	1439	SWIM
swim	zwemmen	488	ka'ake	oudemans1879		Mentawai	moelâlak	ment1249	Mentawai	399	m oe l â l a k	m u l a l a k	mulalak	m u l a l a k	1439	SWIM
swim	zwemmen	488	ka'ake	oudemans1879		Nias	melângi	nias1242	Nias	400	m e l â ng i	m e l a ng i	melangi	m e l a ŋ i	1439	SWIM
cook	koken	488		oudemans1879		Enggano	faboehe	engg1245	Enggano	401	f a b oe h e	f a b u h e	fabuhe	f a b u h e	1100	COOK (SOMETHING)
cook	koken	488		oudemans1879		Mentawai	menèo	ment1249	Mentawai	402	m e n è o	m e n E O	menEO	m e n ɛ ɔ	1100	COOK (SOMETHING)
cook	koken	488		oudemans1879		Nias	membôi	nias1242	Nias	403	m e mb ô i	m e mb o i	memboi	m e ʙ o i	1100	COOK (SOMETHING)
climb	klimmen	488		oudemans1879		Enggano	bahèle	engg1245	Enggano	404	b a h è l e	b a h E l e	bahEle	b a h ɛ l e	1102	CLIMB
climb	klimmen	488		oudemans1879		Mentawai	kepâta	ment1249	Mentawai	405	k e p â t a	k e p a t a	kepata	k e p a t a	1102	CLIMB
climb	klimmen	488		oudemans1879		Nias	moi djàwa	nias1242	Nias	406	m oi _ dj à w a	m o:i _ j a w a	mo:i_jawa	m ɔi _ d͡ʒ a w a	1102	CLIMB
descend	dalen	488		oudemans1879		Enggano	katofo	engg1245	Enggano	407	k a t o f o	k a t O f O	katOfO	k a t ɔ f ɔ	2014	GO DOWN (DESCEND)
descend	dalen	488		oudemans1879		Mentawai	kebâra	ment1249	Mentawai	408	k e b â r a	k e b a r a	kebara	k e b a r a	2014	GO DOWN (DESCEND)
descend	dalen	488		oudemans1879		Nias	moi tauoe	nias1242	Nias	409	m oi _ t a uoe	m o:i _ t a u ' u	mo:i_tau'u	m ɔi _ t a u ʔ u	2014	GO DOWN (DESCEND)
yes	ja	488		oudemans1879		Enggano	o!	engg1245	Enggano	410	o !	O !	O!	ɔ !	1268	YES
yes	ja	488		oudemans1879		Mentawai	hôô	ment1249	Mentawai	411	h ô ô	h o o	hoo	h o o	1268	YES
yes	ja	488		oudemans1879		Nias	ja-ija	nias1242	Nias	412	j a - i j a	y a ' i y a	ya'iya	j a ʔ i j a	1268	YES
no	neen	488		oudemans1879		Enggano	kèwa	engg1245	Enggano	413	k è w a	k E w a	kEwa	k ɛ w a	1269	NO
no	neen	488		oudemans1879		Mentawai	tâ-oe	ment1249	Mentawai	414	t â - oe	t a ' u	ta'u	t a ʔ u	1269	NO
no	neen	488		oudemans1879		Nias	leu-eu	nias1242	Nias	415	l eu - eu	l e:u ' e:u	le:u'e:u	l ɛu ʔ ɛu	1269	NO
inside	binnen	488		oudemans1879		Enggano	kèfo	engg1245	Enggano	416	k è f o	k E f O	kEfO	k ɛ f ɔ	1606	INSIDE
inside	binnen	488		oudemans1879		Mentawai	kebâra	ment1249	Mentawai	417	k e b â r a	k e b a r a	kebara	k e b a r a	1606	INSIDE
inside	binnen	488		oudemans1879		Nias	bâcha	nias1242	Nias	418	b â c h a	b a k h a	bakha	b a k h a	1606	INSIDE
outside	buiten	488		oudemans1879		Enggano	ietofo	engg1245	Enggano	419	ie t o f o	i t O f O	itOfO	i t ɔ f ɔ	762	OUTSIDE
outside	buiten	488		oudemans1879		Nias	bairô	nias1242	Nias	420	b ai r ô	b a:i r o	ba:iro	b ai r o	762	OUTSIDE
above	boven	488		oudemans1879		Enggano	ietebe	engg1245	Enggano	421	ie t e b e	i t e b e	itebe	i t e b e	1741	ABOVE
above	boven	488		oudemans1879		Mentawai	kepâta	ment1249	Mentawai	422	k e p â t a	k e p a t a	kepata	k e p a t a	1741	ABOVE
above	boven	488		oudemans1879		Nias	djâwa	nias1242	Nias	423	dj â w a	j a w a	jawa	d͡ʒ a w a	1741	ABOVE
beneath	beneden	488		oudemans1879		Enggano	ietofo	engg1245	Enggano	424	ie t o f o	i t O f O	itOfO	i t ɔ f ɔ	1485	BELOW OR UNDER
beneath	beneden	488		oudemans1879		Mentawai	kepolak	ment1249	Mentawai	425	k e p o l a k	k e p O l a k	kepOlak	k e p ɔ l a k	1485	BELOW OR UNDER
beneath	beneden	488		oudemans1879		Nias	tauoe	nias1242	Nias	426	t a uoe	t a u ' u	tau'u	t a u ʔ u	1485	BELOW OR UNDER
